<?xml version="1.0" encoding="UTF-8"?>
<!--UGC_VERSION = 1024-->
<XML_DOCUMENT xmlns:SOAP-ENC="http://schemas.xmlsoap.org/soap/encoding/">
    <PTC_HEADER>
        <VENDOR>Parametric Technology Corporation</VENDOR>
        <PRODUCT>Creo Parametric 3902021063</PRODUCT>
        <XML_VERSION>1.0</XML_VERSION>
        <HOST_NAME>uolctxpvs23</HOST_NAME>
        <USER>sgspatra</USER>
        <MACHINE_TYPE> Intel64 Family 6 Model 85 Stepping 4  GenuineIntel  2694 MHz</MACHINE_TYPE>
    </PTC_HEADER>
    <zip_manifest_info pointer="TRUE" proe_version="1991" top_model_wname="AM1.ASM"/>
</XML_DOCUMENT>
